{
  "_fv": 34,
  "_type": "armor",
  "definition": {
    "enableHelmet": true,
    "textureHelmet": "armadura_de_chocolate_head",
    "enableBody": true,
    "textureBody": "armadura_de_chocolate_body",
    "enableLeggings": true,
    "textureLeggings": "armadura_de_chocolate_leggings",
    "enableBoots": true,
    "textureBoots": "armadura_de_chocolate_boots",
    "creativeTab": {
      "value": "COMBAT"
    },
    "armorTextureFile": "armadura_de_chocolate",
    "helmetName": "casco de chocolate ",
    "bodyName": "Pechera de chocolate ",
    "leggingsName": "Pantalones de chocolate ",
    "bootsName": "Botas de chocolate ",
    "helmetSpecialInfo": [],
    "bodySpecialInfo": [],
    "leggingsSpecialInfo": [],
    "bootsSpecialInfo": [],
    "helmetModelName": "Default",
    "helmetModelPart": "Helmet",
    "helmetModelTexture": "From armor",
    "bodyModelName": "Default",
    "bodyModelPart": "Body",
    "armsModelPartL": "Arms L",
    "armsModelPartR": "Arms R",
    "bodyModelTexture": "From armor",
    "leggingsModelName": "Default",
    "leggingsModelPartL": "Leggings L",
    "leggingsModelPartR": "Leggings R",
    "leggingsModelTexture": "From armor",
    "bootsModelName": "Default",
    "bootsModelPartL": "Boots L",
    "bootsModelPartR": "Boots R",
    "bootsModelTexture": "From armor",
    "helmetImmuneToFire": false,
    "bodyImmuneToFire": false,
    "leggingsImmuneToFire": false,
    "bootsImmuneToFire": false,
    "maxDamage": 35,
    "damageValueHelmet": 3,
    "damageValueBody": 7,
    "damageValueLeggings": 6,
    "damageValueBoots": 3,
    "enchantability": 30,
    "toughness": 1.0,
    "knockbackResistance": 0.5,
    "equipSound": {
      "value": ""
    },
    "repairItems": []
  }
}